<?xml version="1.0" encoding="UTF-8"?>
<beans xmlns="http://www.springframework.org/schema/beans"
	xmlns:xsi="http://www.w3.org/2001/XMLSchema-instance"
	xmlns:context="http://www.springframework.org/schema/context"
	xmlns:aop="http://www.springframework.org/schema/aop"
	xsi:schemaLocation="http://www.springframework.org/schema/beans http://www.springframework.org/schema/beans/spring-beans.xsd
		http://www.springframework.org/schema/context http://www.springframework.org/schema/context/spring-context-3.1.xsd
		http://www.springframework.org/schema/aop http://www.springframework.org/schema/aop/spring-aop-3.1.xsd">

	<context:component-scan base-package="com.yydh.myapp"/>
	<bean id="log" class="com.yydh.myapp.board.LogAdvice" />
	
	
	<aop:config>
		<aop:pointcut expression="execution(* com.yydh.myapp..*Impl.*(..))" id="allPointcut" />
		
		<aop:aspect ref="log">
			<aop:before method="printLog" pointcut-ref="allPointcut"/>
			<aop:after method="printLog" pointcut-ref="allPointcut"/>
		</aop:aspect>
	
	</aop:config>
	
	
	
	

</beans>
