<?xml version="1.0" encoding="UTF-8"?>
<!DOCTYPE mapper PUBLIC "-//mybatis.org//DTD Mapper 3.0//EN" "http://mybatis.org/dtd/mybatis-3-mapper.dtd">
<mapper namespace="BoardMapper">
	<select id="selectAll" resultType="BoardVO">
		SELECT * FROM board ORDER BY SEQ DESC
	</select>

	<select id="selectOne" resultType="BoardVO" parameterType="int">
		SELECT * FROM board WHERE seq=#{seq}
	</select>
	
	<select id="searchData" resultType="BoardVO" parameterType="String">
		select * from board where title like '%'||#{keyword}||'%' order by seq desc
	</select>

	<insert id="insertData" parameterType="BoardVO">
		INSERT INTO board(seq, title, writer, content) VALUES((select nvl(max(seq),0)+1 from board),#{title},#{writer},#{content})
	</insert>
	
	<update id="updateData" parameterType="BoardVO">
		UPDATE board SET title=#{title}, content=#{content} WHERE seq=#{seq}
	</update>
	
	<delete id="deleteData" parameterType="int">
		DELETE board WHERE seq=#{seq}
	</delete>


</mapper>