<?xml version="1.0" encoding="UTF-8"?>
<!DOCTYPE configuration PUBLIC "-//mybatis.org//DTD Config 3.0//EN" "http://mybatis.org/dtd/mybatis-3-config.dtd">
<configuration>
	<typeAliases>
		<typeAlias type="com.yydh.www.user.UserVO" alias="UserVO" />
		<typeAlias type="com.yydh.www.board.BoardVO" alias="BoardVO" />
	</typeAliases>

	<environments default="development">
		<environment id="development">
			<transactionManager type="JDBC" />
			<dataSource type="POOLED">
				<property name="driver"
					value="oracle.jdbc.driver.OracleDriver" />
				<property name="url"
					value="jdbc:oracle:thin:@localhost:1521:xe" />
				<property name="username" value="hr" />
				<property name="password" value="hr" />
			</dataSource>
		</environment>
	</environments>

	<mappers>
		<mapper resource="UserMapper.xml" />
		<mapper resource="BoardMapper.xml" />
	</mappers>

</configuration>