<?xml version="1.0" encoding="UTF-8"?>
<beans xmlns="http://www.springframework.org/schema/beans"
	xmlns:xsi="http://www.w3.org/2001/XMLSchema-instance"
	xsi:schemaLocation="http://www.springframework.org/schema/beans http://www.springframework.org/schema/beans/spring-beans.xsd">
   
   <bean id="collectionBean" class="com.yydh.myapp4.CollectionBean2">
      <property name="addressSet">
      		<set>
      			<value>서울시 강남구 역삼동</value>
      			<value>서울시 강남구 역삼동</value>
      			<value>서울시 성동구 행당동</value>
      			<value>서울시 성동구 행당동</value>
      			<value>서울시 성동구 행당동</value>
      		</set>
      </property>
   </bean>

</beans>
