<?xml version="1.0" encoding="UTF-8"?>
<beans xmlns="http://www.springframework.org/schema/beans"
	xmlns:xsi="http://www.w3.org/2001/XMLSchema-instance"
	xsi:schemaLocation="http://www.springframework.org/schema/beans http://www.springframework.org/schema/beans/spring-beans.xsd">

	<bean id="tv" class="com.yydh.myapp3.SamsungTV">
		<property name="speaker" ref="sony"></property>
		<property name="price" value="1200000"></property>
	</bean>
	
	<bean id="sony" class="com.yydh.myapp3.SonySpeaker"></bean>
	<bean id="apple" class="com.yydh.myapp3.AppleSpeaker"></bean>

</beans>
