<?xml version="1.0" encoding="UTF-8"?>
<beans xmlns="http://www.springframework.org/schema/beans"
	xmlns:xsi="http://www.w3.org/2001/XMLSchema-instance"
	xsi:schemaLocation="http://www.springframework.org/schema/beans http://www.springframework.org/schema/beans/spring-beans.xsd">

	<bean id="tv" class="com.yydh.myapp2.SamsungTV">
		<constructor-arg ref="sony"></constructor-arg>
		<constructor-arg value="270000"></constructor-arg>
	</bean>
	
	
	<bean id="apple" class="com.yydh.myapp2.AppleSpeaker"></bean>
	<bean id="sony" class="com.yydh.myapp2.SonySpeaker"></bean>
</beans>
